filename,b_bgr_mean,g_bgr_mean,r_bgr_mean,h_hsv_mean,s_hsv_mean,v_hsv_mean,l_lab_mean,a_lab_mean,b_lab_mean,b_bgr_std,g_bgr_std,r_bgr_std,h_hsv_std,s_hsv_std,v_hsv_std,l_lab_std,a_lab_std,b_lab_std,image,page,color,index
546.jpg,194.3922018348624,194.39984008080128,194.35655668714756,3.128629744970962,0.08061190135510479,194.40907751872737,197.08873411329012,127.98133574614931,127.99566534803468,78.30595393266877,78.31644460867167,78.29253508031334,18.410238685111917,0.48250635793286284,78.31198842191486,75.88820646621505,0.15919776199020333,0.06569522629282959,"https://lh3.googleusercontent.com/ci/AC_FhM--JvxF-JzX0OlxRFYCVsb-PlWUe3_t3mngzhoEGowHYcdfkHeXOH_rhnAprgBQnTJR1gBq=w218-c-h218-fcrop64=1,00000b7fffffdd7f-rw-v1",https://artsandculture.google.com/asset/cassetta-frame/AAEpIcdvBwUF_A,WHITE,546
2492.jpg,157.95425469236596,153.3894874168841,131.98678562410572,75.02487164380102,63.46220856830233,167.52823836377408,157.2208357882333,122.60969194512246,123.2915369076677,48.114201671054616,44.70442082039539,50.846729097249494,31.195139742853595,39.301191389231626,49.49586286454697,44.347897752005714,2.9923420759407935,15.625423321354367,"https://lh3.googleusercontent.com/ci/AC_FhM867dXSZt5ebLf0EDEbgo6MKNdTl4_pV8TgEQDhx7jZg2wXAgt95BkkWtk98rhCrreRCa_1l_Q=w218-c-h218-fcrop64=1,19c90000e635ffff-rw-v1",https://artsandculture.google.com/asset/pont-neuf-paris/WAFRh_vU9ZvTPg,BLUE,2492
3420.jpg,172.68426479252588,164.80666610554667,162.85704065314368,87.9310243245518,34.459388940324885,179.5756880733945,172.6299133069607,129.19154532446763,123.8570616951435,34.206329867020486,27.014872460674667,27.093633035465313,43.992940774777615,23.236507652147637,27.99205204134733,26.235273148496148,3.4376912007681875,9.763534930762967,"https://lh3.googleusercontent.com/ci/AC_FhM9deSmYqNDkjnjRXzRrM57-by_Kaux87c-zrprVGjpINnTlthRSRb_dDO6Yg4ciJMvE1EXAVQ=w218-c-h218-fcrop64=1,1ce70000e317ffff-rw-v1",https://artsandculture.google.com/asset/sketch-for-turandot-by-g-puccini-act-ii%C2%B0-part-ii%C2%B0-galileo-chini-1873-1956/egH72DBj3xUW2A,BLUE,3420
11755.jpg,97.36785624105715,125.73838481609292,134.27514518979885,23.118066661055465,93.65263866677888,134.3654153690767,130.81144263950847,126.70707432034341,145.17151334062788,78.78115695634833,74.56461008909088,76.9997229284925,4.269349935952759,48.60177267370014,76.92092758811616,74.66285856311075,2.4641917553092187,7.2811142059188585,https://lh3.googleusercontent.com/ci/AC_FhM9woGkwpb-8WNQD1b7E4D6W6BQKMyyh325-ACAAlUPFv7IAQnwzQpTqLfriUftMCJ9msbAl0EI=w218-c-h218-rw-v1,https://artsandculture.google.com/asset/a-river-landscape-with-storks-charles-fran%C3%A7ois-daubigny/hgHxCZ-yOOv0iw,BROWN,11755
1169.jpg,130.72834778217322,117.43967258648262,133.51007911791936,115.06036949751704,73.83846056729232,146.66219173470247,130.15030300479756,136.98851106809192,123.94888898240889,53.31293444605972,40.22595992714298,57.883644409534114,55.820691317453225,29.505414024089056,54.08701276302601,45.505880832462864,13.446946855917506,10.29982603567545,"https://lh3.googleusercontent.com/ci/AC_FhM_8zdZfrAR9MurauLRNdjO7cMDX5Vc2eYNpjJo6T12oOfVSfsu07bp_E3tufAVx29RqUJa9WQ=w218-c-h218-fcrop64=1,220e0000ddf0ffff-rw-v1",https://artsandculture.google.com/asset/free-and-leisure-10-yue-minjun/agHe2bazFRwvIA,PINK,1169
7585.jpg,80.9673638582611,102.92081895463345,132.47270852621833,38.93519064051848,109.36751956905984,133.4263109165895,114.65192323878462,137.70705327834358,144.4822615941419,58.41278538802836,63.095601602179286,70.55385390521684,56.30748096680261,64.21750762826548,70.49216357459795,66.08889870843272,7.940706954997132,18.584888310984763,https://lh3.googleusercontent.com/ci/AC_FhM-58dP39--WbLAjuq1U96SpLMqhh1c1C7DanGJnRQV8nx3ZQmttUgkjH48Ob3U9iDZMNL9Sg2G1=w218-c-h218-rw-v1,https://artsandculture.google.com/asset/grapes-and-persian-bowl/7QGQ6P1744idRA,ORANGE,7585
15881.jpg,92.21020957831833,106.26925342984597,109.48104115815167,28.788422691692617,53.10741940914065,110.58934433128525,111.60525208315798,126.48752209409982,136.4298249305614,53.15515456814056,54.276492174334074,57.97094930810676,10.998126710515935,29.88593140959603,57.117412235582165,58.00352271000305,2.2682342927274326,3.1518166904371614,https://lh3.googleusercontent.com/ci/AC_FhM8PS3opRdoEIhOmdUAk4wblBv1yN3_sC1LPqY7m7G6IiiRCRBs_XVX3i2vxNYUM1crzwaha2Q=w218-c-h218-rw-v1,https://artsandculture.google.com/asset/the-fort-of-bidjegur-william-hodges-1744%E2%80%931797-british/RAF9E6XKDkFBfw,BLACK,15881
14338.jpg,21.973634374210924,35.52369329181045,53.07377325140981,12.955980136352158,150.20078276239374,53.074972645400216,39.200782762393736,134.23013635215892,139.02695480178437,19.09510877441698,26.811380112837416,34.345737570043596,9.36073653098985,33.07343780007136,34.344706620261775,31.841554081780025,4.713784320398303,8.070806600058368,"https://lh3.googleusercontent.com/ci/AC_FhM9K1rOEXaRR9WM9LGqHKcX2Dw9p1AvrWYVRCXXKH0OkMhrJ4UJDhuTvHzz8S_YWckSOOL9W5w=w218-c-h218-fcrop64=1,00000fa0ffffd11c-rw-v1",https://artsandculture.google.com/asset/the-caudle-makers-steen-jan/eAH5KnM-9KupYA,BLACK,14338
2012.jpg,52.932160592542715,166.03206800774345,183.95090901439272,37.26586566787307,168.41284403669724,191.69665853042673,173.17965659456274,124.24896894200825,178.83934433128525,44.83305435183782,43.72896132913426,69.2979181939223,21.90932382342966,81.87131033069538,59.94298855348138,45.13551453587422,9.132720170801612,33.54651242366303,https://lh3.googleusercontent.com/ci/AC_FhM8NFdlgWiSEpSm9YMmBNgXE4Ucf4kP2MD7YQfpYTWe3YSmv54xvYnmq7_goGhd52LtvZC_sPeI=w218-c-h218-rw-v1,https://artsandculture.google.com/asset/ba%C3%B1istas/RwHaKXAiW3YigA,YELLOW,2012
5738.jpg,54.302163117582694,81.65688915074489,84.79035855567713,30.896957326824342,124.44419661644643,90.0929004292568,85.3686137530511,124.38904553488763,143.9795261341638,53.58330589230405,59.64339310660806,67.74903036719533,31.248836490425376,58.70897020549816,66.16747644481417,64.05283415411473,8.504020468819721,9.726790381103967,"https://lh3.googleusercontent.com/ci/AC_FhM_oKxQMWANyo5gxkacjS5UpdObPRiNTIks6bLKXPIW6x1NoJ9Z0CR9rK5WDJaJ6yRbyNXMTQU0W=w218-c-h218-fcrop64=1,00000d22ffffd897-rw-v1",https://artsandculture.google.com/asset/mary-of-guise-corneille-de-lyon/fwG2lIrXjB0p6g,GREEN,5738
16127.jpg,48.16097129871223,59.26378250988974,74.64129702886963,49.84498358724013,110.7239500042084,77.41642117666863,65.39800942681592,133.3639003450888,137.53147883174816,43.48400842265341,49.489056572596255,55.74219144459351,51.65217155881866,50.23990453141389,52.90307311368919,53.24485293770139,10.556961206626013,9.321662903473566,"https://lh3.googleusercontent.com/ci/AC_FhM_p0HYQ-huU9JYRaDfhpoZdB4Jcbn-GnkK-SOJm9MPv1tMcSL8yl-FY1MdsNFEwW58QOIqRQg=w218-c-h218-fcrop64=1,00002a32fffff972-rw-v1",https://artsandculture.google.com/asset/thomas-stothard/9wHd9PWSC_hFOQ,BLACK,16127
4518.jpg,128.67997222456023,138.48447100412423,137.29111606767108,60.5151502398788,111.36145947310833,168.87890329096876,147.661623600707,129.26445585388436,134.25443986196447,59.257156945847214,38.619890603784526,45.84966390484001,44.069345717448684,54.71085915006301,34.153664746219356,35.8624925684836,12.470173419995385,23.94816725655716,"https://lh3.googleusercontent.com/ci/AC_FhM9tdAyMKp1WHs6tQacLBxSjAW7HPtuQDiTujBPSnU8_qtkhHHCtOPD17lElQdIceIDVHMtamw=w218-c-h218-fcrop64=1,0b020000e0b3ffff-rw-v1",https://artsandculture.google.com/asset/henri-christophe-roi-dhaiti-antoine-obin/WAF4nBc9lTYzRg,TEAL,4518
8830.jpg,87.13843531689251,95.22925258816598,126.72178267822574,58.13799343489605,103.07869707937043,135.23720646410234,111.05567713155459,140.7510100159919,138.5116362259069,45.9080392181215,51.654353087140755,62.54383790602664,65.5527527412159,50.64237420047015,58.10929962618314,51.09638539155475,16.07286737065494,16.973511352794507,"https://lh3.googleusercontent.com/ci/AC_FhM_E4z0cB3OrtA2OJKFDjzurn7-imo9Q2OaIh2WubxLmsi250tD5fZM7s3iFLyRW1dtulUiWrA=w218-c-h218-fcrop64=1,40790000ffe4ffff-rw-v1",https://artsandculture.google.com/asset/harlet-and-the-lotus-dream-rekha-rodwittiya/RwEZ3AaJS9MCmA,RED,8830
16070.jpg,62.45797912633617,82.04191566366467,100.43430687652554,26.679025334567797,95.45337092837303,101.15903543472771,89.3368613753051,132.79833347361333,142.00284066997727,46.48165003714901,58.57773747622995,67.01244470130922,26.465976212937054,53.32136209541597,66.44155714101404,63.0326878127382,7.841690764617175,11.392667621160832,"https://lh3.googleusercontent.com/ci/AC_FhM9OUg1-3DgBc6YOJeZx-HRO4OEyzU2D2xZCzvr2dSSWbk_CLvibHYEs6s8wocZwPZ0YCCxuuGA=w218-c-h218-fcrop64=1,00001c12ffffe834-rw-v1",https://artsandculture.google.com/asset/portrait-of-a-black-sailor-paul-cuffe-unknown/LAG-NxqaSO3hpg,BLACK,16070
6947.jpg,96.19474370844205,152.29075835367394,135.99364531605084,37.262688325898495,119.58538843531689,165.1139003450888,155.63519484891845,114.26281457789749,156.05904385152766,48.78387176527523,31.887493277594377,68.18604302406315,25.206713190018277,57.78554443789308,43.27174544362286,35.55122176544137,20.456540925027564,14.070057140318452,https://lh3.googleusercontent.com/ci/AC_FhM8MzorjS0ARtsclk4HxOHNmNJM7bh0v2GqXPBswWMDzWjp4Tq_-jw4AEWdwDkNjxNFLXwbHch0=w218-c-h218-rw-v1,https://artsandculture.google.com/asset/fantasy-paulino-lorenzo/swFEYpgUqcHaeg,GREEN,6947
10918.jpg,29.024871643801028,46.376651796986785,69.24707516202339,17.303257301573943,162.6719131386247,69.3286129113711,54.42347024661224,135.81131638750946,142.25875347192996,34.384965741884706,41.13286201585556,48.64894991144276,18.561239174478256,67.83810484357036,48.592200848016546,45.069929640598964,11.12462313995658,10.333970680037922,"https://lh3.googleusercontent.com/ci/AC_FhM83G_J2byGWbw7rgilJylSVwkVql8j7sZMxT1gUU4uwLm7ezpjG0xLF928ILOaJ1xlw5Es1D3g=w218-c-h218-fcrop64=1,2db40000e278ffff-rw-v1",https://artsandculture.google.com/asset/the-tribute-money-bernardo-strozzi/xAEVa2LdrYZmKA,BROWN,10918
5650.jpg,91.74305614005556,124.3206379934349,116.87311674101507,48.604936453160505,94.80439356956485,132.1325856409393,129.22312936621498,120.3634374210925,145.02729147378167,46.29753986093023,35.668741408609236,41.028857644632794,27.92701376523014,45.29210008000388,39.28015469060914,36.4873169465606,8.53899385528405,16.373972308898942,https://lh3.googleusercontent.com/ci/AC_FhM91y-bjdtZjM45updA6IqcOgjYyD-2gqIF6--AHMNLdtvoSsWHkPeFFR7gP7bVGOlbj_KhYMgs=w218-c-h218-rw-v1,https://artsandculture.google.com/asset/arreau-hautes-pyr%C3%A9n%C3%A9es-lo%C3%AFs-mailou-jones/owFGnqzxe9J9ow,GREEN,5650
8008.jpg,72.52070532783436,72.03478242572174,93.62292736301659,88.98266139213871,110.86579412507365,102.71868950425048,83.91307549869539,138.23527060011784,132.0067755239458,44.8230340504807,51.992055938032316,56.31380180377968,66.26310373511203,63.85916777862964,54.586637912888804,52.623336176750385,15.494280570510709,15.647603131517956,https://lh3.googleusercontent.com/ci/AC_FhM-DGp5F2blO9sfTy8aPizzbBlHGvvViAD4wCLRDCOjGCTkP5itro-fsy23pjfNVuxmD_c_qLnA=w218-c-h218-rw-v1,https://artsandculture.google.com/asset/the-city-lit-ant%C3%94nio-bandeira/WAGvMA2meaHNVg,RED,8008
13325.jpg,47.06514603147883,60.2024871643801,67.21574362427405,26.114763067081896,76.1042631091659,67.91997727464017,65.42873074657015,128.8286760373706,137.25898493392813,16.330959621188377,20.826497612896684,21.352148684450736,26.715590061621864,41.70470618296902,21.450989521888975,22.24340051541826,5.417648855433259,6.030291373768621,https://lh3.googleusercontent.com/ci/AC_FhM8T8a7tahcw0f_h8K3cuW7DqzTK47ExbfEb1N1hsqRrXIQ9pgtveUjbg4_QEn0T9QAzOLFCjdU=w218-c-h218-rw-v1,https://artsandculture.google.com/asset/christ-on-the-sea-of-galilee/kwFLaEDm6iSuZw,BLACK,13325
14940.jpg,43.17782594057739,56.27849086777207,63.837934517296524,25.469720562242234,120.52596582779228,65.11758269505934,59.78545576971636,129.1164885110681,136.80127935358976,41.18473652176475,41.7786040257724,38.9121661428104,22.32748178378872,67.44909781598972,39.985976454485716,45.094596236983755,3.7961400431749577,5.568583044572374,https://lh3.googleusercontent.com/ci/AC_FhM-B8jMwuKxMgFsKz2wfNPN70CsssGmrOqjomVoiUjnhAc_CM2skSMQ9qRsG3JWJAZS1qfudvPDN=w218-c-h218-rw-v1,https://artsandculture.google.com/asset/landscape-with-the-temptation-of-saint-anthony-roelandt-savery/cQHJVJKrWRAKZQ,BLACK,14940
12304.jpg,47.356388351148894,70.82107987543137,95.86028112111775,21.74391886204865,126.56653480346772,96.35661981314703,81.87376904300984,135.62696742698427,146.25284066997727,23.90649696153684,30.332479107819356,37.23115572846777,27.490596249920472,48.71513731382191,36.60253776330165,32.57784399134652,10.031507973844455,9.61211126610384,"https://lh3.googleusercontent.com/ci/AC_FhM_95Z3oKQn7hql392Ys04FqDoTuWYQeGM3Ta-GFYKBkWJ_5CHIwQna-cOhkAhKLYI34iyNX=w218-c-h218-fcrop64=1,00000000b9c7ffff-rw-v1",https://artsandculture.google.com/asset/nave-nave-mahana-paul-gauguin/4AGxSv-CLvg8xw,BROWN,12304
12661.jpg,89.9962755660298,109.14344331285245,119.65150239878798,20.55944364952445,64.65890918272872,119.65522683275819,117.92170271862638,128.94120865247032,140.18981988048145,28.619040093444404,32.254644857244074,32.86916168522837,7.934028379259261,28.301006190415226,32.865115440041556,33.79741232508215,2.9096013771135847,4.975308604363883,"https://lh3.googleusercontent.com/ci/AC_FhM_lcPPzgFmmRedzIu4o-YGyOoqa0BowiljHTESCOvhDBCIR_xYmDF28SVsgHCmrDzijCVjIzg=w218-c-h218-fcrop64=1,0eaa0000cc86ffff-rw-v1",https://artsandculture.google.com/asset/nude-lembesis-polychronis/_AFG8XjP_-Q_hg,BROWN,12661
1395.jpg,126.48646999410823,160.63147041494824,168.1509132227927,29.789096035687233,69.80161602558707,170.78810706169514,166.81834441545325,125.38376399292989,146.76879050584967,43.19897919284298,49.08324392334468,54.81516939167012,16.46818194366897,24.686225352594857,54.36838557484477,49.593604883111105,3.553743212941258,9.586068888455864,https://lh3.googleusercontent.com/ci/AC_FhM8KvQ1Pdql6Oy8WMrH_F7uSNeiOJth_IEjNj5tw-53JktAbklQuoCeCvNAgS0mjMTRt_TTNE6g=w218-c-h218-rw-v1,https://artsandculture.google.com/asset/rotterdam-ferry-boat/cgEnCY8swwqz_g,YELLOW,1395
7731.jpg,70.17664758858682,124.24859018601128,163.20450719636395,27.65806750273546,165.67233397862134,172.07053278343574,139.26992677384058,139.5168125578655,161.4946763740426,47.450659688395525,54.58477081280809,69.32448586487527,29.581264471720647,49.59314003405851,58.74263776209665,55.12637755467768,8.299611102746793,27.79890000130844,https://lh3.googleusercontent.com/ci/AC_FhM8kyK62mZRgTjA5ixGOpStEtWsUFXf-U3iGgSJ5SxT3QVQzqJmNBv83hB7OhJICxW5g_zY_C-Q=w218-c-h218-rw-v1,https://artsandculture.google.com/asset/palace-arch-%C3%81ngeles-garc%C3%ADa-quismondo/bgEELQPcLn27zA,ORANGE,7731
1603.jpg,84.43317060853464,115.66084504671323,148.76060516791514,21.196553320427572,110.17206043262351,148.91299133069606,127.94752125241983,137.20699015234408,149.62848245097214,44.39461218890587,61.895725141305554,68.69944896156744,34.45260281398547,39.048566006332926,68.56991901595548,63.46456203065656,5.7506524257627865,13.955778396620234,"https://lh3.googleusercontent.com/ci/AC_FhM8Sk3KQKOwL6nfw-GiuS4bs4aJ37tJidBsVgb1FuHryfpj0zgLFsNbxIYuejWHUf27k69fE1Q=w218-c-h218-fcrop64=1,00001c23ffffdfe5-rw-v1",https://artsandculture.google.com/asset/a-monk-looking-in-a-mirror-carl-bloch/cQGFWbATPVayug,YELLOW,1603
7880.jpg,43.42330191061358,80.51647588586819,175.12682013298544,21.75759616193923,191.5239878798081,179.20252924837976,118.6020747411834,164.23853211009174,166.49290884605674,32.40373123165029,24.48686330689055,55.87331663208373,37.92615430612176,48.22536288342414,49.71291025653423,30.335471700094285,17.986182962039123,21.8418569719026,https://lh3.googleusercontent.com/ci/AC_FhM8AKnOEEzblj8tnk9hWMeyb9oH9kHJqX75HUEufpYlJ8uASxp_xhIRRGygEk_EoAyDcmr0Pej7V=w218-c-h218-rw-v1,https://artsandculture.google.com/asset/my-window-sopetr%C3%A1n-dom%C3%A8nech/4gH7e48Dtr99Dg,ORANGE,7880
12347.jpg,56.059590943523276,68.04277838565777,71.02196784782426,34.91012961871896,97.58404174732766,77.1718500126252,72.32966501136268,127.50071542799428,135.88725696490195,34.80011799173978,37.64962687055155,42.10009252111505,30.47598133235799,36.811001828180025,39.789724187697836,41.21088411445156,6.6539333516322525,6.16119413460211,"https://lh3.googleusercontent.com/ci/AC_FhM8x90MDDvpn1Wtaj3x04QtoEBoukYLsVTe8tORAWn89czCC3p5lp_q37MPu1aOOCKOW_qCNkQ=w218-c-h218-fcrop64=1,00002b3ffffff997-rw-v1",https://artsandculture.google.com/asset/portrait-of-a-woman-said-to-be-madame-charles-simon-favart-marie-justine-beno%C3%AEte-duronceray-1727%E2%80%931772-fran%C3%A7ois-hubert-drouais/CQHbFAM17KC-lA,BROWN,12347
2820.jpg,153.41463260668294,145.58854473529163,160.9560643043515,78.59153269926774,72.81396767948826,177.39645231882838,156.2571121959431,136.6501767527986,127.2054751283562,81.23289194834666,65.87180055470668,52.03830302316566,61.46799000963657,44.39475285028944,62.791246065685066,62.71665476028762,5.7685290768555975,15.486120683719252,https://lh3.googleusercontent.com/ci/AC_FhM_EG5JOOxeQ6-P2w2lxNzzJvIztsZfpZ7ufmYPCVhh3LsYBRC1zuDoUqcdQVstJNTq3YOx6PCy5=w218-c-h218-rw-v1,https://artsandculture.google.com/asset/mounted-war-party-scouring-a-thicket-george-catlin-born-wilkes-barre-pa-1796-died-jersey-city-nj-1872/EAHJl2tGkQ23nQ,BLUE,2820
9327.jpg,50.01573941587409,68.04170524366636,88.13376399292989,23.338944533288444,105.60680919114553,88.48815335409478,77.00446090396431,134.21938389024493,141.96925763824595,30.793327619809812,35.37457448142298,45.62764800978684,31.0840026942596,57.973048883628856,45.601758009125334,39.28547198858088,7.878278050169517,12.577615347259503,"https://lh3.googleusercontent.com/ci/AC_FhM8oz9AB25Vj71hmgWMI2V7OlOpCLDR9ycvq0khDixHT0uWF-uJbWHqQhzUZO8372c8CrV0jHrhu=w218-c-h218-fcrop64=1,00000000a986ffff-rw-v1",https://artsandculture.google.com/asset/the-queens-of-persia-at-the-feet-of-alexander-also-called-the-tent-of-darius-charles-le-brun/twFcZPh_L8nOIA,BROWN,9327
11229.jpg,58.012877703896976,75.05443565356451,89.35588334315294,16.571753219425975,85.96854221025166,89.36884521504923,82.63321690093426,131.21858429425131,140.16023482871813,25.794340369429758,34.30443062374362,39.64569166324362,9.111808094185262,28.077300041114967,39.63478151705501,37.66365116016716,2.96981895801164,6.737954103306796,https://lh3.googleusercontent.com/ci/AC_FhM9ZDZVyYSvuegniz1LJOlvjWehA9x5OM-YSWNHwxIks3FHRL-edLU6LXSlgvHuSu5601hPCBDI=w218-c-h218-rw-v1,https://artsandculture.google.com/asset/sow-with-piglets-antonino-leto/-wGMRpqL5XtgQA,BROWN,11229
1093.jpg,167.58086440535308,163.3084125915327,158.44116656847066,89.19489100244087,30.937210672502314,167.59445753724435,166.26045787391632,127.10535729315714,125.07812894537497,79.1956143854812,80.50207562885579,82.66858376457701,37.2350791289807,43.258089682349635,79.20062350229924,81.4395562004324,1.0351888436979466,1.8654385152039068,"https://lh3.googleusercontent.com/ci/AC_FhM_Vvkz925isvE5C6FE5v23GZphtUo-PRm9myJGMjTTELEZJhoTUmMEkz-HChYfSThIemkkmhg=w218-c-h218-fcrop64=1,00001f19ffffe2f0-rw-v1",https://artsandculture.google.com/asset/untitled-rudolf-stingel/IwFXaYpdiQCFUw,WHITE,1093
4293.jpg,117.65844625873243,135.73123053615015,91.55866509553069,67.5532362595741,134.35224307718207,141.0660508374716,136.17208147462335,112.23367140813063,134.10527312515782,53.62380845770539,47.975383755669746,75.6090362197919,29.039885005628555,84.70480130182978,48.86038575613786,48.78634151974252,13.461942227658763,13.398563789707081,https://lh3.googleusercontent.com/ci/AC_FhM_J8oPGV2ey_JfyYUwqEH8NklgRxH02EQbGj4nUgNb_2R4uv4PrySYDH8QVH3ssJgFJLX0GVA=w218-c-h218-rw-v1,https://artsandculture.google.com/asset/pedernal-georgia-o-keeffe/ZQFZYRmomxV-iw,TEAL,4293
14541.jpg,28.77554498779564,39.30403585556771,45.4425132564599,23.769316555845467,90.49490783604074,46.1058623011531,40.605104789159164,128.97020452823836,135.59334231125325,15.251193820035397,21.830508000943514,25.913299153529312,19.148168174656448,42.74543389264517,25.919058326269425,25.410118921870588,4.143316240950509,6.335058247387223,"https://lh3.googleusercontent.com/ci/AC_FhM_Ikc3gNRQ87926qh-_YgBT_ZPoV9ZDWm6BTC3qa2IPaniP-mirlpsISD5Pr5qqs0VVnKb4RgE=w218-c-h218-fcrop64=1,000021fbfffff32f-rw-v1",https://artsandculture.google.com/asset/cottage-children-the-wood-gatherers-thomas-gainsborough/qAFuS0fuklqS3g,BLACK,14541
5527.jpg,121.40076592879387,136.35502062115984,119.20101422439188,52.240404848076764,167.4796103021631,177.81007490951941,147.6931866004545,129.14377998484977,139.79833347361333,80.5451513125953,74.42785358110076,77.80881855274099,39.85679387063092,80.79785356802623,46.79387358407507,58.599318521396796,30.251620817082006,24.903747555061948,https://lh3.googleusercontent.com/ci/AC_FhM-4ZFAEHdyPYmOOlay8FHjqOWwMsySyLNI9ah7mF0g1rpjTV_Lq0lROBEWLfpA0aibCsYkT=w218-c-h218-rw-v1,https://artsandculture.google.com/asset/grasshopper-pro-hart/igFbAGGHPM7Mbg,TEAL,5527
2677.jpg,132.45164548438683,113.40068176079454,103.04092668967259,91.43973571248212,106.70856830233146,147.46509132227928,121.38826698089386,132.05447773756418,116.31718710546251,49.76951418865521,50.95465665803539,56.67286362129212,41.57058871006329,56.46385777549754,46.65890016421102,49.64690908356549,12.453164472752183,26.448248766964433,"https://lh3.googleusercontent.com/ci/AC_FhM9rF42eu_k35nrwQv8eT39lsV_gpm0wsrapd7Kmuo_tB--YM7JYuM6XNynSr22ymTNoiyarQkM=w218-c-h218-fcrop64=1,00000e37ffffcb48-rw-v1",https://artsandculture.google.com/asset/rainbow-colored-fantasy-somphong-adulyasarapan/dAHEFhB-bWgcxw,BLUE,2677
4399.jpg,126.33503072131975,129.8819122969447,132.25408214796735,61.44080885447353,56.0277754397778,144.70566450635468,137.63462671492297,129.17957242656342,130.72590691019275,57.0363157165118,56.625628976590136,52.04104502960342,44.86936318768515,39.79890674640864,51.52422076272986,53.891029196958876,9.692124892295814,10.252203951963999,"https://lh3.googleusercontent.com/ci/AC_FhM-h3LSago9KXYan5OBlG6lAuAwvV_ro_nmahIUJUgzeh7mUAtGJXaYSrun_sNTxBxKFW-5ndw=w218-c-h218-fcrop64=1,00000991ffffe34a-rw-v1",https://artsandculture.google.com/asset/four-wooden-sculptures-vier-holzplastiken-recto-ice-skater-schlittschuhl%C3%A4ufer-verso/ygEhTg7TVBXWcg,TEAL,4399
7175.jpg,92.01483460988132,120.47691692618467,144.13740425890077,29.684222708526217,90.75170440198636,146.18005639255955,132.74391886204864,133.62568386499453,147.18769463849844,35.28493040798208,38.700238724793806,46.54086546102269,24.273220066607077,58.47980466715347,45.1841219760263,38.98190979889959,9.454864326726149,13.894052261239091,"https://lh3.googleusercontent.com/ci/AC_FhM9jIvzZOo-8W36Xi0lJKNdwibOaOUqx-PGea3DF3R7yAQ8vUb2gVzhAcPvN6mXpXcaWNJvl=w218-c-h218-fcrop64=1,00000543ffffd4a5-rw-v1",https://artsandculture.google.com/asset/nude-woman-sava-%C5%A0umanovi%C4%87/SQFGXEmvmI_X6Q,ORANGE,7175
11709.jpg,52.73615436411077,72.6483250568134,89.58513593131892,16.86911876104705,102.91635805066913,89.58759784529921,81.48270347613837,132.02714417978285,142.55872822153017,16.581553409326048,19.999908181273277,26.885182390167905,3.032085520496742,25.932508613982673,26.881882404220846,22.93663428787112,3.6630989036809107,5.350352785093704,"https://lh3.googleusercontent.com/ci/AC_FhM8noipHsTkrIEfGE59EnIUE5IX4LCzXjrlquesV82cjuDmE4IWJSd_01u4hZw7WH9tgy3s0Lq56=w218-c-h218-fcrop64=1,15a10000ea5dffff-rw-v1",https://artsandculture.google.com/asset/portrait-of-c-f-keary-rupert-bunny/AwHqalImUPa7IA,BROWN,11709
14237.jpg,41.242635300058915,46.81310495749516,65.96187189630503,64.32025923743792,119.51843279185253,72.24905311000758,54.99166736806666,136.2790379597677,135.17812052857502,38.09766861104785,37.79652897897393,53.91288656181253,58.82175567447741,74.08315204883873,52.47086802760295,43.754127031351764,14.35940920528581,16.483917483331453,"https://lh3.googleusercontent.com/ci/AC_FhM_pGg7ZE6kudiooRZVPncZ9PfPLu0XbYuB4ryjnjneHmm9VV60DKr9TADXEqD3UZtcrGIWE_7k=w218-c-h218-fcrop64=1,00000e47ffffc68d-rw-v1",https://artsandculture.google.com/asset/the-blue-mantilla-alexej-von-jawlensky/rgGQ79hqlWOOnA,BLACK,14237
5555.jpg,158.38864573689082,158.73455517212355,118.18563252251494,82.2478116320175,72.23718542210251,162.2899377156805,159.55984344752125,114.93211850854306,123.91560053867519,26.948171237179626,28.418556453976827,37.470854580243824,18.822777576493603,37.12033472623471,28.633665377510752,28.18212320102741,5.89191392854339,6.853638506741639,"https://lh3.googleusercontent.com/ci/AC_FhM_0t5kThYlc1Oc1K0Ag63_VjEzDZ242hSxxdFKRzYBVvbuZRUynEobqMokwn2Kd3xWW4uHKMw=w218-c-h218-fcrop64=1,000022daffffeda5-rw-v1",https://artsandculture.google.com/asset/sidescape-070317-hong-soun-and-%ED%99%8D%EC%88%9C%EB%AA%85/7gE5ybqKwSaheg,TEAL,5555
12999.jpg,49.82417304940662,60.637046544903626,75.94625873242992,20.39178099486575,96.10817692113459,76.67847824257217,66.21582779227337,133.01344583789242,137.01289874589682,42.49324616719422,46.93304914548703,54.01124787092603,26.040731478514328,45.110474905326136,54.130102047956306,51.54498536066018,5.538736594749651,6.9689982465071285,"https://lh3.googleusercontent.com/ci/AC_FhM-pUBrDlJh-t5FfpSCxvcuola8azdwHWz43qf7o2l_lA8HfkvZy8TlmjJgshIHSY_s6nrSFxWw=w218-c-h218-fcrop64=1,0000126effffc8b4-rw-v1",https://artsandculture.google.com/asset/allegory-of-justice-giorgio-vasari/RQFFF1t3q01n0g,BLACK,12999
6866.jpg,101.82796060937632,144.31985943944113,139.98992088208064,40.77706001178352,95.71955222624358,153.00927952192578,148.23280868613753,120.300500799596,149.81203181550376,43.624240393698635,55.300319178565715,61.662946737396084,27.50350420735016,42.25504926578078,53.88661907581785,54.36768698126139,10.374949788677842,16.04857528863181,https://lh3.googleusercontent.com/ci/AC_FhM86GH_0odTVeVqZRhLCz-79E9_BZn8rrrT5Cu6FjeE1sjXEBJZZv4a6fuNvI20T3miGf-5NxrQ=w218-c-h218-rw-v1,https://artsandculture.google.com/asset/boats-chetan/dgFbQ1YjdbIFuw,GREEN,6866
15112.jpg,38.941650534466795,53.9441124484471,70.70444407036445,17.11798249305614,110.91635805066913,70.76432960188536,58.60447352916421,132.84426815924584,139.11385826108912,34.40690969359438,45.51179784415136,58.89914448491415,12.002050956933857,39.681342270662306,58.84784105506784,52.99330748482502,5.548878440302574,9.580256189895218,"https://lh3.googleusercontent.com/ci/AC_FhM-0boq10rn6X4RbwHkWYpYa5cgTU7E7-t_KPINgVBLCbM3PDGuIsyzA45ynu4Vrg069PHbEqwY=w218-c-h218-fcrop64=1,00002dd7ffffd4df-rw-v1",https://artsandculture.google.com/asset/st-sebastian-tended-by-the-pious-women-bartolomeo-schedoni/RgEyjOtyVi7UGA,BLACK,15112
7277.jpg,50.87928204696574,81.06699772746401,141.83212692534298,26.53059506775524,146.7111354263109,141.8719383890245,104.96191398030469,149.9332758185338,155.79690261762477,29.33309469575785,44.5859607098154,64.3652111950497,49.713544069924865,61.60289645662823,64.34648501156798,47.24916472860627,16.253962643246044,20.4946139282664,"https://lh3.googleusercontent.com/ci/AC_FhM8wPYZ_I-JSlC5OPHos5auBHtAW4p6bAUSQ-nuEiCddt9lNeKPK2Ga0RawIoMrq3enj9Yp1=w218-c-h218-fcrop64=1,00000d33ffffa510-rw-v1",https://artsandculture.google.com/asset/sir-thomas-winne-unknown-artist-seventeenth-century/swEngHsThojzcg,ORANGE,7277
4950.jpg,123.24366635805067,141.13633111690936,144.49549701203603,37.31438851948489,59.24657015402744,151.44625873242992,147.12982913896136,126.56327329349381,137.93159245854727,49.02703545008895,55.260322271470045,59.701138949296286,29.137039733717614,26.340582601529512,58.45022991981053,57.58755039638354,3.595524908671248,10.809088314169882,https://lh3.googleusercontent.com/ci/AC_FhM_SXKCJMvSzCOd5XqIpg8a0ys7iOSHE8p0ODLMqeR7hexEV5rC9wSGN0udyN9kTK5T42viUoQ=w218-c-h218-rw-v1,https://artsandculture.google.com/asset/marine-adrien-manglard/4AEGxIipVhhs6g,TEAL,4950
11241.jpg,51.79212608366299,62.09441545324468,77.4710882922313,25.841069775271443,117.63896136688831,78.42380691860954,68.31070616951435,133.25900597592795,136.77461913980304,52.705671343006095,51.8394828982847,49.92680132976304,40.291911708749474,65.6630595503356,51.49523123403076,53.919931184011084,4.227180317297147,6.881206322632842,https://lh3.googleusercontent.com/ci/AC_FhM-QNDH1VSQPgoBAoxPZfRYjxSbxAEWqFVxKbdiVLHOfsi7Ptr3Xr0H4aoHqofivz1Ir_ZDZpPg=w218-c-h218-rw-v1,https://artsandculture.google.com/asset/pleasure-garden-with-a-maze-lodewijk-toeput/dgEb2PyY1bWa1g,BROWN,11241
6821.jpg,101.32173217742614,132.37017086103864,129.84489941924082,45.0512372695901,109.8078865415369,148.92919367056646,138.39192828886456,123.32150071542799,145.13266980893863,69.35214237094203,44.58416665004099,51.85589160046625,30.128383878567423,53.508854803491296,54.66998817866196,45.38412722471739,9.20897670127965,21.550825117108527,https://lh3.googleusercontent.com/ci/AC_FhM9dW4JjNHy7e2-o5X6oY5hf-e6MVwrdoEmoOo-6_N4xyi1qMlkhYLvHT6I-TufjUcP5HFw0Lg=w218-c-h218-rw-v1,https://artsandculture.google.com/asset/greenfield-ron-donoughe/9gHnE61O-WVCBw,GREEN,6821
11735.jpg,39.82028027943776,57.89678899082569,80.4790632101675,24.94815251241478,163.6971004124232,83.5739626294083,66.48316640013466,135.94600622843194,142.50622843195018,43.22842468684309,48.18467859392086,56.76877894824958,30.748503414737698,67.05727614378011,54.845092358601455,52.38091964291722,10.049772452778813,11.764105706490485,"https://lh3.googleusercontent.com/ci/AC_FhM84N51dgrvyuzdxhVA-6Naae0X-sUXG5deIQJp_rlu8fT9LQopLX958NnBeFE2fR0KZnO-kpg=w218-c-h218-fcrop64=1,1a6d0000dd9effff-rw-v1",https://artsandculture.google.com/asset/the-adoration-of-the-kings-jacopo-bassano/mwEl0egxAGOaKQ,BROWN,11735
12642.jpg,50.73171450214628,72.06295766349633,98.64001346687989,14.378819122969446,118.86040737311674,98.64205454086357,82.85434727716522,136.17534298459725,144.97977863816178,24.013898319801566,33.44779483288194,48.12894038500958,3.818451561600127,28.006864089492332,48.12761841212526,38.83849460574934,6.618011647702986,8.168105283894944,"https://lh3.googleusercontent.com/ci/AC_FhM8sUD90Fe7iTUNPIfMusAh5L0yXJDPgytufIZ2aqQrdWViI_Hd3O79ZfBrVsY42tN1cf3_Cmg=w218-c-h218-fcrop64=1,00003551fffffc05-rw-v1",https://artsandculture.google.com/asset/asteri%C3%A9/wAH5UDOlH8V9zw,BROWN,12642
2276.jpg,63.79290463765676,98.10809275313525,117.6082610891339,21.767485901860113,102.15926689672587,117.73849002609208,105.85824004713407,131.17384900260922,149.40970877872232,34.78648841532899,59.14137795690064,66.54134163979862,22.837852742086522,52.41203056071383,66.37048313017509,62.417907700033105,5.836307700555032,15.052890201438823,"https://lh3.googleusercontent.com/ci/AC_FhM_R6oQnxMr_a1ZJtmxnDXmnRfpppcaVBxlmTkyCAKdYAvDMQRTeXG15tcjw3jPK0_QDScjwpRU=w218-c-h218-fcrop64=1,00001c0fffffe7da-rw-v1",https://artsandculture.google.com/asset/woman-with-white-blouse-ludwig-meidner-1884-1966/xQEdsS_9mBRn1g,YELLOW,2276
8482.jpg,23.146410234828718,34.48781668209747,159.59008080127936,5.925258816597929,218.9900260920798,159.59008080127936,90.5471761636226,177.40310159077518,166.4411876104705,13.534418460854825,13.4941295221296,19.24335237531968,23.995467002107134,18.66256161320892,19.24335237531968,12.656615223274985,5.494771031323728,5.100159626592284,https://lh3.googleusercontent.com/ci/AC_FhM-wmHER49_QqyOotw4gilxvHh2h3g7wvBGYk3Zu--44MT_1FCJYGlE9qp_a7OU_XnYxapEstV0=w218-c-h218-rw-v1,https://artsandculture.google.com/asset/celloplane-1-aisha-cahn/SwH2kMA0NHp-jw,RED,8482
6002.jpg,60.19581685043347,93.83500967931992,70.96704822826361,53.46286087029711,130.25728053194175,99.83610386331117,94.6348371349213,115.15143927278848,144.48005218415958,32.84281035599005,46.972567846567124,55.22741706134975,26.03434272826476,55.075497232425846,50.858562219172434,47.90956066317384,14.609364471087634,16.04483036043498,"https://lh3.googleusercontent.com/ci/AC_FhM9VsaA3Q5xBn4hB7lRZoJOCizc5LAGrPdRE5ME-ZFu6XLNI7PEm_EG0gs9BeQ18C59wFePvK14=w218-c-h218-fcrop64=1,5e130000f5a5ffff-rw-v1",https://artsandculture.google.com/asset/women-washing-and-bathing-hendra-gunawan/EgFnEa4IQwxX5g,GREEN,6002
14531.jpg,47.51331958589344,58.328086861375304,66.42429088460567,26.988468984092247,77.72756922817945,67.35775608113795,62.75784866593721,129.7428246780574,135.99884269000927,30.708122305648878,33.2346589693076,36.291161005283925,24.67826117017632,42.19729728268246,36.63022820288216,36.97680823609193,4.922436867590358,6.675695711318591,"https://lh3.googleusercontent.com/ci/AC_FhM97BzOmtnvhwE0_QzxRvCG5_w9qAEOfIRxbosC1YtjpJb0e70eMTXnr_AwavRBNpHS7Nvm5Rg=w218-c-h218-fcrop64=1,2cfc0000d302ffff-rw-v1",https://artsandculture.google.com/asset/the-angel-raphael-takes-leave-of-old-tobit-and-his-son-tobias-pieter-lastman/2gEFI7MTfftu5g,BLACK,14531
6583.jpg,140.13536318491708,176.46399713828802,183.25357713997138,38.667746822658025,75.98981567208148,193.61185927110512,183.5046502819628,125.12820890497433,147.91305445669556,44.35054593064465,23.455939906353976,38.34177738966662,31.994318064308604,44.12543121184266,28.867253607969555,23.52501009380186,13.288788798601475,14.364333551604938,https://lh3.googleusercontent.com/ci/AC_FhM8M41oWyJaDa2QdYhy8FkRjvf3sBLMZT5IHfR2U45o4gBck7-MEUJ6ob4reic9qQhgV3OKgaB0=w218-c-h218-rw-v1,https://artsandculture.google.com/asset/karakallou-monastery/mgEP7RBMwo9wGw,GREEN,6583
1702.jpg,95.37336924501305,133.94627977442977,154.6379513508964,60.216122380271024,126.39491625284067,163.5362132817103,143.02108408383134,133.6727127346183,147.28928541368572,61.766375607031904,71.04123210353639,78.33131705577559,54.66618425665868,71.83178637826921,68.80714352830528,71.12765476465758,7.821456546939292,34.22533869970774,https://lh3.googleusercontent.com/ci/AC_FhM-frvLgIjYKoyt3BFIebhQpN3udqor35Ox1qnPsNYVtnjsJKTyltDpOtlbVRxsaw2NfBGYGbkM=w218-c-h218-rw-v1,https://artsandculture.google.com/asset/sensation-of-flight-2-part/nwFyPjJVtmcC7A,YELLOW,1702
11714.jpg,101.80018516959852,127.27964817776281,158.66109755071122,14.842416463260669,106.50808012793536,158.6668630586651,140.42382796060937,137.1515655247875,146.79721824762225,61.4633526598685,54.08331260542341,53.55330815347679,17.708663674766445,60.532918278368754,53.55451992275424,53.45107213665811,4.361517663076596,9.382711924720216,"https://lh3.googleusercontent.com/ci/AC_FhM9BiDTTCNAHrR1gikWSUL2krbW1pKj_PmMVxV9pbYRa5-QCuDtSM4qaN1-5Y_E9Yl3MUTnJ6MO4=w218-c-h218-fcrop64=1,00000a97ffffe039-rw-v1",https://artsandculture.google.com/asset/campfire-in-the-forest-j%C3%B3zef-rapacki/iAF5Vjh-uWfzKg,BROWN,11714
15979.jpg,26.206927026344584,37.13872990489016,56.70703223634374,26.94958336840333,147.72784277417725,57.547723255618216,43.457705580338356,135.21702718626378,138.06514603147883,30.4135086064992,35.341819954934834,41.82492538757506,39.56958086319662,71.88427359633502,41.74575119327875,39.227139784465045,9.622473009539153,9.682440227781075,"https://lh3.googleusercontent.com/ci/AC_FhM_l2WLvbHwF-3Y0qNl7otOUT4GlrTNvt-tPmbwEcXqcfDi8VaRtnNn5d3TsRizyQqA6RlBE1as=w218-c-h218-fcrop64=1,000011c4ffffe699-rw-v1",https://artsandculture.google.com/asset/portrait-of-an-officer-nicolas-de-largillierre/-gFLWOZV0lrfdg,BLACK,15979